,good-bad
2289,1
3218,1
2027,1
4081,0
2378,0
3210,1
1279,1
3835,1
4272,1
2228,0
484,0
2192,0
5248,0
4984,1
820,1
1482,1
224,0
68,0
6329,1
2614,1
2041,1
2036,1
5854,1
312,0
4522,1
333,1
7514,1
3532,0
1609,1
158,1
2324,1
3230,1
4439,1
4421,1
1445,1
2883,1
5392,0
4116,1
1813,1
3007,1
3287,0
6928,1
4196,1
4482,1
4206,0
6149,1
4110,0
6388,1
2839,0
638,1
4650,1
7467,1
3937,1
3223,0
3331,0
1970,1
7046,0
4005,1
2333,1
1271,1
3208,1
3548,1
4316,0
7165,1
2954,0
984,1
6160,1
4227,1
1862,1
4643,0
1176,1
699,1
2840,1
372,0
4659,1
5542,1
4281,1
3726,1
89,1
4176,1
3244,1
6436,0
461,1
2735,0
6260,1
3114,1
2547,1
3685,0
3597,1
2772,0
6007,1
2919,0
3483,0
6652,1
6506,1
6727,1
466,1
1692,1
3860,1
2253,1
3364,0
235,1
3324,0
3945,0
3482,0
6879,0
5127,1
7668,1
5706,1
6377,1
4978,1
6560,1
5584,1
6478,1
3700,1
7645,1
5271,1
12,1
714,0
4385,1
3431,0
273,1
1411,0
3764,1
6116,1
1111,0
6846,1
150,1
6187,1
6969,0
4323,1
4377,1
6838,1
4923,1
2183,0
785,1
4883,1
7376,0
2002,1
3101,1
1322,1
574,1
2184,0
7460,1
3211,1
4118,1
683,0
5108,1
2575,1
6978,1
3838,0
6949,1
1573,1
2143,0
6297,0
928,0
5360,0
954,1
6378,1
2236,0
2344,1
5156,1
5487,1
2659,1
3217,1
2559,0
6349,1
321,0
4933,1
7192,1
1080,0
1105,1
7652,1
3650,1
2842,1
6004,0
4645,1
1320,1
3740,1
5443,1
5517,1
2611,1
790,0
5962,1
3308,1
1498,1
6815,1
3302,0
4904,0
4115,0
6040,1
7113,1
824,1
4068,1
1123,1
3053,1
1365,0
5061,1
4419,1
5426,1
4914,1
927,0
1087,1
4743,1
876,1
5444,1
401,1
5110,1
1346,1
320,1
945,0
4238,1
3012,0
5516,0
6252,1
5029,1
3895,1
3890,1
7493,1
3556,1
7688,1
7405,0
7679,1
3260,1
2018,1
7223,0
416,1
2645,1
634,0
7164,1
3817,1
4991,1
3147,1
6559,1
4102,1
7135,1
5662,1
326,0
3670,0
3411,1
93,1
1291,0
5070,0
3133,0
4230,1
1735,1
7423,1
5555,1
5406,1
4722,0
5442,1
4634,1
464,1
5992,0
1486,0
7221,1
5018,0
7181,1
6170,1
362,1
4756,1
1225,1
5081,0
4858,1
2602,1
1230,0
6064,1
3681,0
3203,0
3524,1
4760,1
923,0
3212,1
6758,1
2286,1
5449,1
7167,1
1066,1
2382,1
3268,1
1167,0
6571,1
4798,1
5020,1
6319,1
2706,1
546,1
242,1
4440,1
222,1
7347,1
3184,1
5277,1
5063,0
6649,1
4801,0
2997,0
2644,1
6849,1
867,1
2626,1
6883,1
3488,1
738,1
6343,1
3973,1
2357,1
880,0
1125,1
4813,1
1137,1
6342,1
7132,0
4604,0
44,0
3018,0
6578,0
3906,1
2941,1
2461,0
981,0
2746,0
4545,1
3891,1
6661,1
4044,0
6953,0
3392,1
1604,0
2621,1
4278,0
3628,0
5818,1
1022,1
7566,0
448,1
94,1
4388,1
2584,0
351,1
3723,1
4765,1
672,1
4290,1
5656,1
6473,1
6934,1
6141,1
4968,1
5752,1
2977,1
6067,1
5356,1
5119,1
1144,0
1666,1
1566,0
3554,1
3464,0
579,0
6069,1
935,0
7118,1
2893,1
7385,1
1335,1
1222,1
6835,0
6018,1
5208,1
328,1
2561,1
883,1
7664,1
1606,1
7417,1
4609,0
1673,1
5474,1
5215,1
1957,1
1236,0
486,0
1943,0
567,1
6123,1
2910,0
2000,0
5425,0
5519,1
2436,1
7564,0
1429,1
7045,1
7293,1
2768,0
6800,1
5663,0
6567,1
2081,1
7028,1
3303,1
6308,0
6913,1
187,1
3958,1
1648,0
4862,1
6684,1
322,1
119,1
3709,1
6677,1
3593,1
344,1
2020,1
2432,0
6364,1
7225,1
6592,1
3679,0
1537,1
5045,1
3854,1
7015,1
6239,0
184,1
2366,0
4728,0
4270,1
4872,1
1642,1
66,0
4460,1
3171,0
4200,1
4840,1
3393,1
3602,1
6882,0
5258,1
2202,1
5981,1
2687,1
2139,0
5773,1
1408,0
4915,1
4704,1
1536,1
2961,1
7587,1
3688,1
742,1
1296,1
7096,0
1892,1
3383,0
3305,1
1044,0
3759,1
1454,1
2145,1
7639,0
6764,1
1973,1
1686,1
7281,1
5373,1
5054,1
4457,1
7188,1
228,0
776,1
4857,1
4134,0
7216,0
438,0
5160,1
6552,1
109,1
236,1
1385,1
5142,1
6231,1
6739,1
173,1
6278,0
1380,0
6697,1
5719,1
5652,1
1513,1
4986,0
5298,0
1997,1
3575,1
2295,1
3205,1
4841,1
2605,0
911,1
2391,1
5789,1
665,1
7436,1
5194,1
6672,1
3900,0
616,1
7252,1
7081,1
890,0
3734,1
3135,0
3005,0
3907,1
3465,1
7207,0
1819,0
1779,1
7517,1
2209,0
5225,1
6861,1
4433,1
6437,1
2336,1
2775,1
3671,0
7675,1
1326,1
7597,0
7102,1
2057,1
4573,1
2523,1
191,1
4047,1
6305,1
7545,1
2098,0
2635,1
2008,0
3849,0
2711,1
2137,1
5068,1
735,1
813,1
2940,1
6640,1
4631,0
1450,1
578,0
5203,1
2067,1
5848,1
3553,1
4431,1
3458,0
1533,1
199,1
602,1
1283,1
6241,0
550,1
6255,1
190,1
7023,1
2325,1
7429,1
972,1
7612,1
3278,1
6391,1
2473,1
3259,1
3928,1
4284,1
2563,1
862,1
83,1
1978,1
5496,1
4406,0
7166,0
2540,1
879,0
1788,0
419,0
3081,1
3616,1
4995,1
2560,0
4795,1
2387,1
6551,1
6427,1
2856,1
5236,1
2131,0
5334,0
7540,1
3691,1
7159,0
1570,0
1946,1
2742,0
4352,1
6443,1
5491,1
1839,1
6285,1
4507,1
3827,1
618,1
2751,1
2132,1
1038,1
5090,1
2979,1
7631,1
2942,1
4666,0
1435,1
3753,1
3689,1
2719,0
3540,0
1635,1
3443,1
4727,0
632,1
7525,1
1934,1
5112,0
6301,1
3951,1
5649,0
6586,1
7512,1
302,1
482,1
1247,1
1446,0
1737,1
291,1
5960,1
4007,1
7171,1
7453,1
6774,1
2188,0
6655,1
1761,1
1316,1
7278,1
4679,0
4670,1
3261,1
3807,1
3714,1
6685,1
1552,1
373,1
7412,0
51,1
5687,1
7678,1
6514,1
3880,1
2411,0
5513,1
1098,1
2319,1
4024,1
2102,0
425,0
6862,1
6307,1
7041,1
389,1
4729,1
371,1
1350,0
3471,1
1308,1
5472,1
3501,1
5756,1
5881,0
2197,1
3159,1
2306,1
1595,1
3138,1
6897,1
1900,1
5820,0
3519,1
4812,1
5633,1
630,1
6079,0
852,1
2327,1
96,1
4154,1
640,0
1488,0
6651,1
686,0
1959,1
3097,0
2367,1
1052,1
1964,1
2438,0
4037,1
2618,1
1254,0
6369,0
727,1
4033,1
4217,1
3795,1
3245,1
2829,1
5660,0
4401,1
5375,1
7389,0
952,1
4248,1
1820,1
4422,1
2542,0
1398,1
7450,1
1334,1
5453,1
7311,1
2500,1
3665,0
5616,0
596,1
3595,1
3544,1
1891,0
3846,1
2450,0
4691,1
5117,1
2724,1
4461,1
85,1
4884,1
3630,1
192,1
5643,0
6742,1
3798,1
2396,1
7684,1
4121,1
4805,0
6937,0
4416,1
1732,0
2892,1
3408,1
7211,1
4560,1
1713,1
7374,0
7586,1
7078,0
894,1
794,0
5858,0
7506,0
6374,1
6786,1
3803,1
4283,1
568,1
3146,1
5509,0
3057,1
3341,1
7382,1
1753,1
4822,1
2565,0
998,1
3851,1
1562,1
626,1
3495,1
910,1
6833,1
488,1
5122,1
6990,1
6114,0
7687,1
108,1
4220,1
4381,1
1071,0
7499,1
1002,1
442,1
1650,1
926,0
1774,1
5802,0
7378,1
2699,0
7313,1
3370,1
5778,1
6612,1
6599,1
6216,1
1474,1
3741,1
6545,1
5074,1
6186,1
4478,1
6108,1
4204,1
5570,1
4286,0
2944,1
916,1
6171,1
1656,1
1182,0
1546,0
1347,1
6435,1
5816,1
6751,1
2976,1
2739,1
6590,1
3848,1
6512,1
6650,1
112,1
6993,1
4504,1
1209,1
3093,1
7073,1
1738,0
4721,1
5267,1
3830,1
6381,1
1890,1
2222,0
3518,1
3022,0
5252,1
6924,1
6038,1
6146,1
4703,0
3627,1
4483,1
3201,1
6222,1
6681,0
7187,0
1278,1
4403,1
7050,1
831,1
5304,1
963,1
7480,1
6626,1
7341,0
1864,1
7261,1
1166,1
4289,1
1944,1
939,0
6051,1
2999,1
256,1
4322,0
3850,1
4365,0
3231,1
808,1
3768,1
2938,1
3707,1
1469,1
2463,0
1524,0
3622,1
2596,0
6895,0
6288,1
4800,1
4850,1
1061,0
5686,1
6542,1
6841,1
171,1
2987,0
3424,0
6400,1
5051,0
5011,1
1389,1
858,1
919,1
2249,0
3774,1
7034,1
1343,1
6202,1
6943,1
4058,1
1694,1
6034,1
4542,1
343,1
3606,1
6544,1
3061,1
3639,1
4909,1
3017,0
4892,1
715,1
6152,1
3378,0
3165,1
7327,1
5072,1
2571,1
244,0
4295,1
5956,1
5199,1
2338,1
3839,1
7233,1
4682,1
3505,1
4993,0
2821,1
2888,0
6119,1
1999,1
1449,1
809,0
4636,0
3541,0
1904,1
7295,1
4844,1
2226,1
3929,1
3189,1
2606,1
821,0
1344,1
7610,1
6008,1
6525,1
5076,1
5125,1
3103,1
2741,0
5923,1
1456,1
5974,1
895,1
7109,1
7391,1
3139,1
4988,1
6967,1
527,1
741,1
1870,1
4647,1
1490,1
2713,1
1024,1
1532,0
5897,0
7040,0
6065,1
3361,0
499,1
7656,0
823,0
6845,0
7276,1
7212,1
987,1
6475,1
2887,1
4018,1
6939,0
38,1
799,1
4649,1
4057,1
7210,1
2393,1
4622,1
7438,1
2374,1
5580,0
1746,1
6233,1
1896,1
6033,1
6675,1
7636,1
6840,1
1709,0
577,0
6499,1
7238,1
6206,1
5188,0
3206,1
4055,1
7599,1
5204,1
6791,1
2969,1
669,1
1755,1
5728,0
4056,1
4905,0
4907,1
2640,1
5796,1
1150,1
691,0
380,1
5056,1
4585,1
2028,1
7536,1
6109,1
3500,1
2508,1
2694,1
5041,1
5116,1
1048,0
6275,1
1151,1
1571,1
3220,1
2920,1
1015,1
310,1
5088,1
6965,1
5922,1
4389,0
4317,1
3102,1
5299,0
4637,0
2128,0
7282,1
4603,0
7596,0
6498,1
1994,1
4596,0
7320,0
1679,1
5754,1
7108,0
3095,1
218,1
6476,1
7627,1
4399,1
4500,0
6416,1
1982,1
5938,0
5642,0
2636,1
2179,1
4108,0
5198,1
3562,1
7037,1
3015,0
5362,1
7220,1
451,1
6535,1
3605,1
1420,1
676,1
2513,0
174,1
7650,1
3330,0
2335,1
2982,1
5096,1
5694,1
1032,0
6998,1
974,1
4414,1
5657,1
6526,1
1414,1
5278,1
64,1
1059,1
6570,1
5748,1
4778,0
7401,1
4927,1
5594,0
1462,0
1353,0
7318,1
4446,1
1632,1
2647,1
5230,1
183,1
5079,1
455,1
5533,1
1337,1
5078,1
3463,0
3058,1
6958,1
4699,1
2682,0
1696,1
4177,0
6440,1
1315,1
1197,1
3054,1
6159,1
2111,0
6945,1
7013,0
4020,0
2686,1
6659,1
6736,1
5655,1
5890,0
5283,1
4165,1
6954,1
1762,1
5089,1
542,1
5561,1
1672,1
1664,1
5830,1
6711,0
2770,1
7583,1
1829,1
3338,1
2119,0
5140,1
5804,0
1266,1
1950,1
5688,0
366,1
538,1
2245,1
7129,1
5721,0
4787,1
2950,0
4258,1
1143,0
41,1
6225,1
5150,1
405,1
5338,0
4855,0
2721,0
4919,1
1265,1
4187,1
5575,1
1374,1
938,1
6118,0
2317,1
4562,1
1924,1
1613,1
1057,1
2808,1
2341,1
3290,1
245,1
7489,0
2437,1
2501,1
2986,1
2189,0
1930,1
5891,1
1638,1
2408,1
7246,1
6203,0
7157,0
274,1
408,1
1646,1
57,1
3009,1
810,1
3821,1
4815,1
7116,1
1275,0
877,0
644,1
279,1
2677,0
6664,1
7224,0
1739,1
1669,1
5058,1
3267,1
3300,1
7544,1
4487,1
4574,0
1138,1
3449,0
1318,1
6245,1
6155,1
6501,1
3225,1
4834,1
5991,0
415,1
7082,0
4554,0
7383,1
1255,0
2507,1
3145,0
850,1
7475,1
400,1
3462,0
3265,0
6495,1
7008,1
2612,0
492,1
3216,0
1976,1
993,1
7534,1
3276,1
1912,1
258,1
4712,1
4911,1
1439,1
5614,1
3883,1
969,1
4738,1
2548,1
3836,0
5958,1
1212,1
4924,1
6529,1
1274,1
1147,1
932,1
835,0
4516,0
712,0
7309,1
7206,1
7077,0
2274,1
3581,0
4821,1
4602,0
6335,1
6817,1
1418,1
3476,1
7183,1
1838,1
6747,1
7259,1
1717,0
1158,1
3192,1
4499,1
6957,1
3967,0
6598,1
5851,1
130,1
367,1
368,1
4601,1
1880,1
6812,1
268,1
6385,1
4693,1
2610,0
6410,1
7140,0
2991,1
611,1
3762,1
317,1
3389,1
325,1
5340,1
3634,1
4035,1
5737,1
6396,1
7683,0
4809,1
4436,1
7573,1
7682,1
5664,0
3396,1
1367,1
2419,1
2220,0
4817,0
3568,1
5531,0
6487,1
6210,1
251,0
275,0
1480,0
2905,0
7031,1
2849,1
7203,1
5831,1
2745,0
772,1
6061,1
6923,1
5294,0
6522,1
3387,1
5139,0
7416,1
2820,1
6362,1
1647,1
904,1
6229,1
2489,1
3925,1
6611,1
2462,0
6792,1
6070,1
4182,1
3783,1
2762,1
3233,1
2106,1
6248,1
7094,1
6392,1
2096,0
5947,1
6721,1
5097,0
110,1
7280,1
3515,1
2073,1
4144,1
3172,1
6746,1
5597,1
4152,1
2210,0
288,1
6568,1
4667,0
315,1
3478,0
860,1
3861,1
5477,1
6580,1
1473,1
4527,1
1459,1
413,1
3831,1
2369,1
5080,1
7637,0
1589,1
6402,1
6380,1
1539,1
272,1
3083,1
4611,1
6743,1
1637,1
5065,1
1910,1
1514,1
4600,1
3591,1
5235,1
1846,1
4491,1
5445,1
283,1
4391,1
7310,1
2252,1
4008,1
3275,1
4208,0
6052,1
6321,1
1530,1
6614,0
5900,0
3089,1
2149,0
509,1
1187,0
4962,1
6230,1
5344,1
1947,1
7541,1
6754,1
775,0
1437,1
2487,0
4156,0
2661,0
2693,1
2504,1
4006,1
6284,1
277,1
2048,1
4810,1
3477,1
4470,1
956,1
179,1
3542,0
2675,1
1796,1
1238,1
7153,1
422,0
5629,1
4275,1
2585,0
3618,1
3801,1
479,1
6025,1
6752,1
5828,1
196,1
3339,1
2138,0
3981,1
4040,1
3607,1
1139,1
2959,1
3570,1
2882,1
2291,1
2720,0
163,1
2174,0
2536,0
6137,1
1240,1
7483,1
4249,1
3833,1
5791,1
4235,1
853,1
4589,0
4076,1
5151,1
3168,1
4242,0
3136,1
4356,0
822,1
5564,1
6556,1
6482,0
3629,1
4486,1
7394,1
4250,1
5109,1
3576,1
6282,1
1461,1
6181,1
1555,1
4253,1
2488,1
6680,1
4677,1
4023,0
356,1
1171,0
7635,1
250,1
3200,1
7254,1
5912,0
5132,1
7202,1
2034,1
7178,1
2422,1
4001,1
5473,1
4367,1
1025,1
3479,1
7651,1
374,1
1014,1
2798,1
5730,1
2822,0
5148,1
2669,0
5376,1
1540,0
5313,0
1153,0
5528,0
5479,0
1084,1
6195,1
2035,0
2603,0
1377,1
4888,1
2660,0
5031,1
7156,1
2541,0
5538,1
4697,1
1730,1
7496,0
3283,0
3079,1
6405,1
6211,1
6531,1
3029,1
2448,0
6154,1
7616,1
1352,1
2641,1
2505,1
7098,1
2894,0
3461,1
5389,1
1881,1
6414,1
5884,1
650,1
3564,1
7173,1
496,1
387,1
483,0
589,1
7603,1
1698,1
1395,1
4445,1
6517,1
2752,1
5523,0
5865,1
2907,0
5419,1
6668,1
6960,1
5605,1
4158,1
1413,0
7317,0
3735,1
7384,1
6386,1
3936,0
2491,0
4192,1
5476,1
4451,0
3355,0
5785,1
2847,1
7000,1
3772,1
5227,1
1361,0
3785,0
7247,1
2329,1
6811,1
674,0
6689,1
2832,0
6157,1
166,1
2875,1
600,1
1243,1
355,1
6325,1
3666,0
1640,1
3612,1
4474,0
5560,1
5701,1
7342,1
1505,1
3239,1
3391,0
7312,1
7292,1
4390,1
4668,1
4364,1
2163,0
2469,0
1026,0
854,1
1919,0
5202,0
4190,1
5401,1
5077,0
4901,1
624,1
3143,1
5693,1
6750,1
851,0
6136,0
1082,0
3176,1
3327,0
4974,1
893,1
572,1
453,1
3953,1
3994,1
6980,1
6339,1
5082,1
5501,1
3986,1
1381,1
3561,1
817,1
6922,1
2168,0
4528,1
409,1
3446,0
1310,1
1205,1
5337,0
6940,1
295,1
2308,1
5944,1
1195,1
898,1
434,1
7626,1
1905,1
4237,1
5545,1
254,0
7205,1
846,0
2321,1
1601,1
6418,1
1778,1
6111,0
1842,1
378,1
7602,1
3100,0
1703,1
2936,1
4350,1
2365,0
7059,1
1740,1
2607,1
6818,1
5624,0
2522,1
6666,1
671,0
4625,1
6271,1
1321,1
5052,1
649,1
951,1
7047,0
7269,0
7396,1
2066,1
4448,1
3573,1
3855,1
5149,1
2224,0
7646,1
5572,1
670,1
7661,0
220,0
4549,1
5165,1
849,1
5325,0
1651,1
59,1
2835,1
5591,1
3193,1
1068,1
570,1
6218,1
476,1
2750,1
803,0
1721,1
4456,1
5321,0
3887,1
5103,1
60,1
5428,1
7022,1
4298,1
6003,1
7546,1
6107,0
226,0
6988,1
6549,1
6005,0
4472,1
5615,1
3163,1
3480,1
6889,1
2737,1
2094,0
1241,1
2593,0
2777,1
7585,1
3318,1
4900,1
5602,1
6340,1
2059,0
5171,1
1914,1
5600,0
4612,1
1178,0
1576,1
7491,1
7130,1
2038,1
6267,0
7020,1
7075,0
5795,1
6101,1
2260,0
2577,1
3747,1
4228,1
1810,1
6866,1
5181,0
1019,1
3241,1
3137,1
3006,0
964,1
402,1
4307,1
5712,1
6304,0
404,1
2115,0
2219,0
2766,0
2346,0
259,1
6520,1
6708,0
2441,0
5134,1
7501,1
5790,1
7521,0
6760,0
3601,1
6576,1
5354,1
2117,0
5480,0
6263,1
5197,1
7455,1
6917,1
6420,1
4280,1
2136,0
1865,1
4896,0
3813,1
7571,1
6855,0
148,0
6433,1
886,0
1851,1
6730,1
6246,1
4926,1
300,1
5986,1
6039,1
4657,1
7248,0
4769,0
6606,0
6561,1
7553,0
4259,1
5368,1
6272,1
1519,1
4369,1
3655,1
3395,1
138,1
950,0
2486,0
2395,1
774,0
3082,1
6063,0
4189,0
7175,1
985,1
6658,1
4489,1
3299,0
3512,1
7601,0
5262,1
5144,0
2576,1
462,0
3442,0
3911,1
633,1
716,1
6647,1
2334,1
3567,1
514,0
6686,1
1497,1
2928,1
1565,1
5810,1
7644,1
6595,1
3543,0
5292,0
447,1
6772,1
5836,0
2601,1
3516,1
87,1
3034,0
2496,1
708,1
249,1
7025,1
7127,0
1213,1
1676,0
6636,1
7504,1
4357,1
2793,1
4517,1
5920,1
5919,1
7163,1
6994,1
3423,1
5834,0
6383,0
2933,0
6859,1
5541,1
6232,1
6538,1
336,1
7371,0
4559,1
4386,1
375,1
1170,1
4580,1
2615,1
4113,0
997,1
5050,1
5046,1
2934,0
7560,1
739,1
1785,1
6582,0
4662,1
58,1
3727,1
4175,1
5207,0
3376,0
4370,0
3246,1
3904,1
7643,1
4987,1
5775,1
284,1
2120,0
6031,0
1764,1
1967,1
2983,0
169,1
6490,1
5673,1
3240,1
7400,0
5510,1
4136,0
4733,1
3107,1
5403,1
995,0
6667,1
6367,1
2688,0
3812,1
502,1
6610,1
1096,1
4052,1
6821,1
601,1
2105,1
6446,1
2889,1
4849,1
652,0
5234,1
4392,0
1332,1
548,1
7581,1
2125,0
6524,1
189,1
5006,0
6749,1
6516,1
3003,1
3470,0
673,1
3144,1
412,1
519,1
6162,1
1508,1
3371,1
4464,0
6253,1
352,0
7231,1
5163,1
7346,1
6096,0
2705,1
6797,1
6511,1
6557,1
2749,0
1645,1
7531,1
5553,0
417,1
2649,1
4525,1
1840,1
6259,1
1677,1
1684,1
5073,1
826,1
363,1
4972,1
805,0
2852,1
5844,0
1300,1
7080,1
2810,1
1363,1
278,1
3496,1
1767,1
4335,1
5626,1
6540,1
3960,0
154,1
971,1
1548,0
1605,1
1097,1
7319,1
6280,1
1521,0
7524,1
6016,0
42,1
2033,1
143,1
7430,1
3845,1
7124,1
4083,1
2990,0
5478,1
515,1
3513,1
4302,0
3832,1
7133,1
3182,1
1281,1
2845,1
1678,1
1478,1
3506,1
660,1
5910,0
3125,1
3204,1
4875,1
3962,0
5554,1
3932,1
5950,1
1263,1
2091,1
1749,0
5386,1
688,1
3724,1
7561,0
6834,1
7535,1
7201,1
3019,1
7356,1
1086,1
5975,1
2392,1
1305,1
3652,1
2958,0
7328,0
2358,1
5346,0
6782,1
1280,1
6974,1
2021,0
6190,1
5562,1
7326,1
4658,0
3060,0
3132,1
6447,1
5735,0
4570,1
661,1
2747,0
4205,1
6236,1
7503,1
2107,1
4938,1
2079,0
32,1
6103,0
3713,1
7339,1
7189,0
1776,1
3369,1
4318,1
5529,1
178,1
4359,1
5996,0
6491,1
1132,1
3572,1
3596,0
5162,1
3744,1
2296,0
7579,1
7115,1
2208,1
4534,1
6094,1
2116,1
6294,1
4781,1
5829,0
15,0
7458,1
5173,1
2923,1
4094,0
7410,1
1747,1
1917,1
6376,0
4930,1
261,1
3037,1
3558,1
439,1
6113,1
4772,1
7053,1
2935,1
2457,0
2173,0
6050,1
4098,0
5525,1
3793,0
5414,1
1901,1
7055,1
536,1
6748,1
5679,1
4239,1
3538,0
3809,1
770,1
1731,1
101,1
2800,1
3020,1
3181,1
5488,1
4718,1
1826,1
6558,1
7358,1
4326,1
6426,1
2126,0
167,1
7479,1
3098,1
123,1
5053,1
3718,0
3345,0
4789,1
2643,1
5815,1
6927,1
6138,1
3436,0
7463,1
4410,1
3982,1
7232,1
901,1
4696,1
3792,1
1748,0
6256,1
2273,1
4042,1
3765,1
5281,1
7663,1
5776,1
234,1
1518,1
1442,1
6450,1
1631,0
613,0
3209,1
3196,1
238,1
2899,0
3199,1
4777,0
1655,1
7049,0
3426,1
5308,0
5118,1
7665,1
7468,1
5349,1
3253,1
1489,1
4188,1
635,0
5526,1
2533,1
5750,0
7200,1
219,1
3008,1
4371,0
5702,1
5115,1
3922,1
6089,0
5084,0
4179,1
5352,0
188,1
2570,0
2818,1
7649,1
7508,1
1433,0
965,1
2494,0
7580,1
1897,1
5914,0
4750,1
104,1
7624,1
847,0
2662,1
5315,1
5010,1
3314,1
206,0
428,1
133,1
1522,0
2608,1
4174,1
6734,1
4702,1
7500,0
2819,1
3676,0
2701,1
6724,1
407,1
5239,1
35,0
4216,0
7633,0
884,0
7158,0
6982,1
5411,1
1734,0
3637,1
588,1
525,1
2303,1
1451,1
4678,1
7451,1
4550,1
2587,0
5698,1
5917,1
2553,0
3939,1
6852,0
6534,1
6523,0
5539,1
791,1
75,1
6518,1
796,1
5498,1
5,1
4537,1
4074,1
7557,1
7064,0
1293,0
5651,0
5954,1
2051,1
4145,1
2259,1
3843,1
5689,1
211,1
3703,1
795,1
3499,1
4823,1
5427,1
6134,1
1926,1
6723,1
7217,1
2663,0
6056,1
7672,1
889,1
559,1
4462,1
977,1
5598,0
4425,1
1041,1
285,1
2632,0
4137,1
7618,1
5930,0
4210,1
1372,0
5524,0
7272,1
1511,0
3537,1
3221,1
3892,1
3943,1
3733,1
7029,1
79,1
2698,1
695,0
2293,1
1244,1
4215,0
6375,1
5102,1
2864,1
7196,1
782,1
105,1
2760,1
6389,1
6908,1
1751,1
5390,1
5565,1
3329,0
4782,0
4768,1
5669,1
1094,1
1736,1
6494,1
7464,1
3984,1
5880,1
7267,0
2262,1
2600,0
7145,1
1798,0
5978,0
1426,0
4330,1
6985,0
3934,1
3867,1
7076,1
3635,1
5636,0
77,1
3070,1
1431,1
6449,1
4627,1
3481,1
513,1
5187,1
6110,1
3974,0
1807,1
5857,1
4255,1
6387,1
1822,1
6373,1
3886,0
2347,1
2529,0
4494,1
1251,0
3545,1
5172,1
429,1
6646,1
6701,1
1412,1
4874,1
5761,1
4349,1
3893,1
2652,0
6172,1
3428,1
6720,1
6767,1
4575,1
7044,1
2150,0
5323,1
4831,0
4469,1
1208,1
3777,0
4143,0
3742,1
1199,1
6351,0
5852,1
4894,0
4999,1
2445,1
2918,1
1129,1
1911,0
4705,1
7428,1
4742,1
5285,1
2613,0
5357,1
6867,1
2771,1
3965,0
3004,1
6541,1
6012,1
4531,1
2169,0
3952,1
2708,1
5968,1
1610,1
5967,1
639,1
3468,1
2124,0
103,1
2090,1
2689,1
7439,1
1836,0
4767,0
1801,1
7445,0
1460,0
113,1
3310,1
3198,1
4151,1
566,0
5382,1
6699,1
1887,1
667,1
6404,1
6868,1
2101,0
3778,1
6857,1
1012,1
721,1
6379,1
4628,1
349,1
3099,1
1845,1
4100,0
5000,1
659,0
3447,1
1453,1
2817,1
2162,0
2781,1
983,1
2738,1
942,0
3604,1
5696,0
6955,0
5762,1
127,1
7155,0
3979,1
5145,0
1355,1
4424,1
6819,1
558,0
4512,1
5083,1
2474,0
2425,1
5309,1
1624,1
4368,0
6504,1
2439,0
6766,1
7367,1
1857,1
2446,0
2795,1
7244,0
6057,1
296,1
6508,1
5017,1
5683,1
4916,1
382,0
5774,1
6084,1
1081,1
5769,1
5607,0
4125,1
4510,1
6027,1
801,1
503,0
3805,0
5153,0
4994,1
4240,0
629,1
1569,1
6780,1
5585,1
3104,1
4839,1
1547,0
3990,0
2114,1
662,1
4120,1
1992,1
1935,0
2519,1
257,1
7441,1
5685,1
2050,1
4495,1
1572,1
3771,0
3178,1
1384,1
6457,1
1784,1
3985,1
5648,0
5899,1
5282,1
1893,1
124,1
1179,0
720,0
7676,1
621,1
6717,1
1163,0
2175,0
2916,1
3728,0
6347,1
3072,0
5924,0
6565,1
1932,1
2485,1
4319,1
4929,1
7670,1
5380,0
523,1
7288,1
2360,0
4089,0
7456,1
5437,1
2668,1
3077,1
7567,0
3816,1
844,1
1000,1
6877,1
7559,1
6199,1
6515,1
5175,1
5877,1
3521,1
7619,1
2792,0
518,1
3325,0
6618,1
5908,1
7488,1
3452,1
165,1
6688,1
1484,0
5549,0
7107,1
1854,1
7019,1
7142,1
4719,1
4506,1
2248,1
2398,0
6015,1
5421,1
4380,1
1430,0
4013,0
1109,1
16,0
3375,1
3999,1
3649,1
2517,0
6959,0
6174,1
6975,0
2157,0
731,0
1715,0
4709,1
3899,0
7628,1
3897,0
4288,1
1983,0
545,0
5370,0
7591,1
4656,1
6462,1
5682,1
6128,0
3949,1
3633,1
5870,1
6740,1
1043,1
3804,1
5546,1
6983,0
5806,0
1702,1
4432,1
431,1
6129,1
1001,0
5470,1
248,1
4891,1
3584,1
3175,1
5799,0
4247,1
4563,0
6999,1
5823,1
994,1
6019,1
959,1
6933,1
1160,0
4976,1
5146,1
5951,1
4946,1
246,1
4863,1
5094,1
4828,1
5747,0
1404,1
6781,1
2960,0
3045,1
1192,1
4329,1
3856,1
3859,1
1387,1
2247,0
2275,1
608,1
7481,0
5185,1
7277,1
2906,1
308,0
1769,1
7510,1
4605,1
2520,1
3675,0
2972,1
1724,1
5678,0
6486,1
5481,1
2904,1
4502,0
1993,1
4792,1
2996,0
4683,1
5670,1
2484,0
5446,0
3357,0
2912,1
4547,1
4514,1
648,1
7215,1
5850,1
7466,1
6165,0
5184,1
6401,1
1833,1
157,1
1551,1
6803,1
500,0
6802,0
4153,1
7465,0
4653,0
2212,0
625,1
3502,1
160,1
7297,1
3550,1
2309,1
5183,1
888,1
6000,0
1115,1
1219,0
6693,1
3642,1
6893,0
5826,1
3754,1
5021,0
6732,1
2604,1
1942,1
5792,1
48,0
3169,1
2780,1
697,1
6653,1
2451,1
3539,0
6226,1
4762,1
1290,1
4802,1
1699,1
4684,0
2421,1
3052,1
5272,1
5330,1
6755,1
4051,0
5034,1
6228,1
1853,0
7570,1
6104,0
5177,1
1366,1
3784,0
4775,1
7630,1
4473,1
2902,1
3434,1
2108,0
2299,0
5379,1
2379,1
198,1
6550,1
1634,0
4830,0
3659,1
4139,0
5563,1
4599,1
1906,0
4619,0
4331,0
7139,1
6156,1
3359,0
7304,0
2870,1
5482,0
6733,1
5307,1
4157,1
6390,1
3404,0
1705,1
728,1
5738,1
1164,0
477,1
6936,0
563,1
6208,1
6973,1
7086,1
5324,0
3750,1
1858,1
6200,1
4049,1
2493,0
6726,1
2993,0
106,1
6068,1
678,0
1422,1
3546,0
97,1
5310,1
6472,1
4770,1
4717,1
2932,0
4021,1
1584,1
3587,1
3028,1
3094,0
7209,1
4393,1
5856,1
3115,0
456,1
5500,1
2359,0
6773,1
870,0
5490,1
4615,1
4642,1
7287,1
5895,1
1793,1
4641,1
3228,1
5275,1
18,1
4484,1
3589,0
5274,1
3549,1
6073,1
3111,0
397,1
6438,1
269,1
3599,1
6714,1
7349,1
1142,0
6919,1
2246,1
3621,0
3926,1
5104,1
5434,1
4590,0
3402,1
1800,1
4716,1
693,1
5305,1
5273,1
598,1
5071,1
4868,1
2744,0
861,1
2465,1
6970,0
6628,1
5407,1
6902,0
2572,1
1759,1
1582,1
194,1
3954,1
746,0
5467,1
654,0
1118,1
3645,1
4070,0
3124,1
1799,1
1939,1
5667,1
2443,1
3896,0
2310,1
2087,1
940,1
3661,1
4114,1
6143,1
975,1
643,1
1003,1
5766,1
6594,1
5638,1
3000,1
1877,1
2399,1
3298,1
4897,1
3834,1
524,0
4308,1
1797,0
1356,1
703,1
6014,1
1984,1
1127,1
4614,1
347,1
2095,0
2490,1
7572,0
5797,0
5995,0
5943,1
2356,1
1849,1
6729,1
6204,0
2194,0
1515,1
6371,1
1725,1
3751,1
1228,1
6098,1
5205,1
7350,0
6555,1
3252,1
1359,0
5311,1
2269,0
537,1
365,1
6361,1
4898,0
3898,0
7421,1
4340,0
4060,1
967,1
3450,0
5741,1
2629,0
4591,1
6810,1
129,1
2364,0
4977,1
4735,0
5289,1
1549,1
5592,1
7235,1
4373,1
5599,1
4869,1
2521,1
2544,0
747,1
609,1
3660,1
505,0
5514,1
6451,1
593,1
6700,1
2911,1
3566,1
3271,0
6865,0
2065,1
3433,1
7520,1
3349,0
882,0
3641,1
5464,0
7195,0
5552,1
2758,0
7314,1
5369,1
3527,1
1722,1
6251,1
3410,1
297,0
6634,1
2788,1
6356,1
2900,1
506,1
1005,1
976,0
2301,1
2915,1
5036,0
4194,1
91,1
4873,0
5093,1
4895,1
5544,0
1920,1
2199,0
7004,1
512,0
1563,0
1719,1
1009,1
4485,0
384,0
6095,1
6370,1
459,1
2515,1
3154,1
5875,1
6825,1
4347,1
6911,1
2943,1
6790,1
765,1
1301,1
4882,0
1466,1
2989,1
2410,1
4411,1
4861,1
1089,1
4218,1
873,0
7104,1
3109,0
3213,1
4966,1
3680,0
1879,1
6293,1
7093,1
1558,1
6264,1
2975,1
6964,1
5303,0
7228,1
2619,0
3942,0
1325,1
1538,1
4372,1
6467,1
7471,1
744,1
4467,0
907,1
4744,0
6289,1
761,0
7021,1
6896,0
5317,0
6188,1
1659,1
5604,1
2759,1
2061,1
5807,1
1675,1
3207,0
7307,1
2318,0
692,0
450,1
6488,1
690,1
1317,1
1399,1
6122,0
335,1
6623,1
3525,0
309,1
7006,1
4119,1
2292,1
5732,0
2836,1
7068,1
7236,1
2884,0
6713,1
5220,1
2945,1
3964,0
6382,1
786,1
5504,1
1155,1
1727,1
1925,1
4700,1
4555,0
7527,0
7271,1
2256,1
1602,1
357,0
3837,0
7332,1
2850,1
4014,0
4133,0
2257,1
2331,1
7348,1
45,0
4626,1
2083,1
1895,1
340,1
6884,0
3955,1
7569,1
2783,1
2620,0
7351,1
1493,0
5251,1
5167,1
4492,1
1700,1
342,1
2539,1
6920,1
6854,0
6359,1
5026,0
7294,1
7257,1
2597,0
857,0
1884,1
4953,0
2370,0
6848,0
1421,1
7437,0
6530,1
2816,1
4620,1
1968,1
3603,1
966,1
2235,1
6873,1
4935,1
6716,1
3510,1
6320,0
6813,1
2349,0
1653,1
5372,1
4224,0
3385,1
3552,0
441,1
7519,1
7249,0
5631,1
2104,0
2955,0
4277,0
7403,1
3489,0
6909,1
3301,1
5929,1
262,1
7502,0
3780,0
3870,1
6989,1
4162,1
4168,0
5130,0
2153,0
3824,1
3472,0
2361,1
4046,0
740,1
74,1
1711,0
1055,1
1196,1
2305,1
1341,0
4251,1
627,1
5536,0
5964,0
4541,1
2025,1
6946,1
3106,1
6856,1
1663,1
6431,1
5322,1
3598,1
2974,0
7060,0
2288,1
2181,0
6026,1
205,1
6966,1
3397,1
986,1
7657,0
5333,1
1443,1
719,0
53,0
5147,0
55,1
6452,1
1559,1
6718,1
3372,1
4607,1
1303,1
6616,1
4956,1
1007,1
6353,1
4417,1
4680,0
681,0
6572,1
4866,1
5963,1
6257,1
7640,0
229,1
3498,1
1090,1
2007,1
2774,1
4725,1
7148,1
5383,1
6318,0
920,0
4846,1
841,1
4480,1
4496,0
7185,1
3073,1
7258,1
72,0
4954,1
7239,0
7151,1
6148,1
3056,1
3247,1
5668,1
4263,1
4315,0
7592,1
6117,0
4241,1
4124,1
1981,1
4776,1
7089,1
4751,1
1198,1
6309,0
1485,1
1620,1
4279,1
233,1
3406,0
253,1
4648,1
4826,0
2205,0
2718,0
6417,1
6337,0
5989,1
2255,1
5388,1
504,0
5233,1
1268,1
3243,1
726,0
5889,1
6306,1
5587,1
5637,0
5314,1
4944,0
2921,1
1107,0
4877,0
773,1
3066,1
521,1
3048,1
6496,1
1134,1
4835,1
4687,1
4918,1
2861,1
7303,1
6265,1
3188,1
2302,1
4899,0
7495,1
5216,1
3435,0
3202,1
562,1
1712,1
3487,0
5306,0
2988,1
6563,1
4427,1
54,1
354,1
1250,1
6806,1
3085,1
3879,1
3914,1
2664,1
1657,1
4990,1
4941,0
6221,1
6745,0
2700,1
3033,0
2103,0
6158,1
7103,0
837,0
6502,1
4623,1
1534,1
6778,1
6997,1
3289,1
5809,1
526,1
3978,0
6823,1
7193,1
2927,1
6660,1
6635,1
6585,1
2549,1
836,0
6348,1
4245,0
4142,1
2913,1
1936,0
2588,1
6100,1
1716,0
3971,1
4225,1
4466,1
2314,0
3405,1
1447,1
1625,0
2342,1
4375,0
1423,1
7459,1
3441,0
6872,0
294,1
3852,1
710,1
7138,1
2651,0
5242,0
1621,1
5458,1
3315,0
3869,1
3250,1
493,0
4363,1
5347,1
5961,1
3704,1
1064,1
5232,1
128,1
872,0
5671,1
2472,0
4759,0
5905,1
3451,1
1124,1
4660,0
4336,1
4299,1
6317,1
2267,1
1264,1
4304,0
1314,1
6023,1
1465,1
139,1
6399,0
1782,1
582,0
7100,1
3644,0
6442,1
1034,0
4985,1
1728,1
1394,0
2953,1
3486,0
7418,1
3047,1
5469,1
2152,0
3344,1
7498,1
4264,0
1760,1
717,1
1541,1
1523,1
6847,1
6775,0
3432,0
1215,0
3248,1
1596,0
6871,0
5209,1
7427,0
6891,0
5048,1
176,1
5984,0
472,1
7199,1
4526,1
3677,0
5700,1
5441,1
2454,1
3878,1
420,0
6330,1
3931,1
480,1
332,0
3001,0
1998,1
473,1
2714,1
3075,1
1076,1
7638,1
2355,0
2929,1
4595,1
7191,1
31,1
936,1
7275,0
385,1
1916,0
4092,0
3332,0
3663,1
6444,1
177,1
1962,1
3711,0
3617,1
6799,1
1175,1
2951,0
1963,1
4112,1
3467,1
3335,1
4311,1
3069,1
4397,1
1405,0
4212,1
6731,1
5499,1
5759,0
6757,1
4829,1
6670,1
4211,1
216,0
3320,0
81,1
1777,0
1808,1
5133,1
4505,1
5966,1
4305,1
1812,1
2282,1
5916,0
1232,1
411,1
6527,1
311,1
806,0
891,0
4811,1
4096,0
6769,1
1966,0
71,1
293,1
6497,1
549,1
5429,1
330,0
4635,0
5627,1
5433,1
5381,1
3215,1
6344,1
1033,1
2848,1
6602,1
5640,1
1246,1
5012,1
3156,1
2242,0
3071,1
1471,1
5486,1
3682,0
2709,1
1667,1
5933,1
2825,1
5803,0
2032,1
5135,0
2316,1
7245,1
5603,1
5959,1
4963,1
6489,1
2203,0
159,1
591,1
3686,1
3504,1
4003,1
2418,1
1114,0
5503,0
2594,0
5254,0
2813,1
931,1
6753,1
1863,1
88,1
4379,1
7197,1
2479,1
6695,1
6863,0
1083,1
4992,1
4561,1
1954,1
6566,1
2129,1
7655,0
4202,1
6899,1
4519,1
6409,1
771,1
212,1
3055,1
5654,1
2794,1
4452,0
842,1
7152,1
2790,1
2648,1
2430,1
6480,1
816,1
5483,1
3705,1
5940,1
3808,1
2215,0
4521,1
338,1
5241,1
978,1
7381,0
736,1
4885,0
1201,0
5718,1
6981,1
4243,0
777,1
2874,1
2623,1
145,0
1575,1
878,1
4803,1
1333,1
5838,1
4996,1
1040,1
5280,1
3295,1
1091,1
1013,1
4324,1
5739,1
4771,1
1221,1
7095,0
478,1
4170,1
1173,1
7528,0
4920,1
263,1
6951,1
5297,0
2177,0
2704,1
7084,1
749,0
1928,1
5946,1
2244,1
3316,1
2992,0
4910,1
1977,1
4518,1
2550,1
3415,0
1233,1
147,1
4490,1
6464,1
5466,1
3288,1
6105,1
4774,1
5666,1
3847,1
3991,0
1295,0
5143,1
5590,1
5111,1
3365,0
5460,1
5007,1
802,0
2082,0
4567,1
2258,0
2010,1
7549,0
3844,1
3935,0
3923,1
5715,0
2444,1
6274,1
6127,1
6201,1
5413,1
6071,1
3643,1
5534,0
5291,1
3323,0
5931,1
5672,1
3277,1
2569,0
3346,0
3940,0
4870,0
2886,1
6657,1
3917,0
6130,0
4161,1
1116,0
7329,1
1622,1
6596,1
1388,1
845,0
5214,1
4454,1
7186,1
4039,1
3128,1
1674,1
4913,1
6929,0
4244,1
3035,1
4852,1
7172,1
430,1
1600,1
3439,1
1207,1
6548,1
73,1
5169,0
1898,1
5646,1
2562,0
7538,1
1135,1
531,1
5928,0
1579,1
4306,0
7424,1
2005,1
3084,0
5395,0
5243,0
807,1
3983,0
6947,1
2630,1
2801,1
1188,1
5949,1
6310,1
3729,1
2857,1
4334,0
6430,1
5494,1
1189,0
4197,1
1169,1
6691,1
7182,1
314,1
2412,0
4103,0
4543,1
6323,1
6493,1
1581,1
1790,0
6086,1
6702,1
6916,1
2869,1
3280,1
6536,1
2042,1
3912,0
3815,1
1878,1
2811,1
4107,1
4686,1
6302,1
5355,1
4038,1
5543,1
520,1
2673,1
3120,1
4398,1
4761,1
5293,0
6151,1
1073,1
136,1
6013,1
723,1
3140,1
6977,1
7016,1
6020,1
856,0
2170,0
3600,1
865,1
1088,1
5558,1
247,1
6669,1
6295,1
6333,0
6395,0
6432,1
6925,1
7594,1
4788,0
6312,1
2400,1
2622,1
1427,1
4320,0
7003,1
7373,0
6589,1
7009,1
1504,1
2198,0
452,0
7063,1
1102,1
4793,1
701,0
1079,1
6878,1
2897,0
5244,1
7099,0
4566,1
6139,1
7680,1
5288,1
7325,1
6869,0
7005,1
1028,1
3811,0
5508,1
3422,1
4017,1
6890,0
6662,1
6581,0
2011,1
3116,1
5530,1
2201,0
4629,1
5066,1
2957,1
7262,1
5454,0
7316,1
5015,1
1873,1
1988,1
1130,1
5222,1
2665,1
7042,1
7032,1
1106,1
2062,1
241,1
7125,1
2876,1
3068,0
3417,1
4002,1
2368,0
5259,1
3214,1
745,1
2230,1
5200,1
6481,1
5939,0
2428,1
1438,1
2672,1
4301,0
5276,1
3625,1
3594,1
869,1
6043,1
6455,1
1299,1
4034,1
5745,1
7298,1
2754,1
4409,0
5332,1
3583,1
6903,1
6456,1
979,1
7079,0
560,1
5436,1
6735,1
6853,0
1065,1
5256,0
2001,1
5578,0
4943,1
696,1
1483,0
1149,1
6044,0
2499,1
3667,0
6630,1
4453,1
833,1
3309,1
2251,0
240,1
7446,1
4730,0
6679,1
1768,1
2843,1
1894,0
125,1
6880,1
3297,1
4791,1
3745,1
3293,1
2667,1
5613,1
7659,0
3262,1
2204,0
2122,0
2320,1
2858,1
2509,1
1802,1
7273,1
3782,0
5801,0
725,1
7548,1
3416,0
4310,1
4515,1
1113,1
209,1
7176,1
4069,0
1560,1
1261,0
6619,1
3894,1
6641,1
5744,1
5727,1
655,1
5128,1
6197,1
7043,1
4343,0
5455,0
3126,1
1294,0
4019,1
4167,0
6995,1
6060,0
5537,1
6674,1
3743,1
4180,1
4508,0
1216,1
5229,0
5860,1
5736,1
864,1
5461,1
2748,1
5595,1
2250,1
3551,1
743,0
4997,1
7083,1
5621,1
5556,1
4937,0
2881,1
1843,1
5284,1
5617,1
6315,1
5168,0
6683,0
2514,1
5255,1
7056,1
571,1
1961,1
6678,1
458,1
2703,1
6346,1
5859,1
4387,1
1985,1
4127,1
7432,1
3382,0
5261,1
5566,1
3002,0
5131,1
552,1
4407,0
2807,1
5811,1
5913,1
6017,1
4665,0
6671,1
2218,0
2497,1
0,1
5843,0
7219,1
2554,1
5420,1
7253,1
446,1
543,1
4970,1
5979,0
1969,1
1809,1
3161,1
642,0
1756,1
3947,1
925,0
3517,1
4952,0
6314,1
4465,1
2304,1
1444,1
4148,0
4796,1
345,1
508,1
4825,1
2806,1
2351,1
7284,1
2348,0
1403,0
6173,1
25,1
5862,1
5568,1
6010,1
2225,0
5268,1
5257,1
2885,1
4685,1
4690,1
6824,0
5934,1
3088,1
3702,1
5574,1
3445,1
5955,0
1641,1
2616,0
5377,1
5711,1
4088,1
5639,1
7198,1
1603,1
4569,1
5970,1
6808,1
825,0
3857,1
6182,0
2085,1
3279,1
3557,1
4689,1
1029,0
6564,1
1649,1
4838,1
2070,1
3313,1
3130,1
1527,1
2037,1
4859,1
4097,1
3284,1
1425,0
4172,0
5731,1
7413,0
1607,1
5713,1
622,1
2165,0
2524,1
6209,0
1045,1
2863,1
4476,0
4169,1
4639,1
4009,1
2397,1
5569,0
3632,1
7177,0
787,1
6738,1
5911,1
3684,0
6477,1
49,1
4207,1
2426,1
2190,0
1376,1
2043,0
4871,1
4748,1
4402,1
6858,1
6521,1
1583,1
6637,1
2855,1
4360,0
4959,0
1072,1
5044,1
7523,1
467,0
5551,1
4443,1
729,0
3400,0
2238,1
2765,0
3023,1
7105,0
5190,1
3123,0
7121,0
3950,1
7490,1
2427,1
6355,1
7507,0
37,1
4577,1
1069,1
1855,1
1220,0
7285,1
4313,1
906,0
1364,0
2985,0
5424,1
5824,0
1960,1
5898,0
494,1
5465,1
900,1
376,1
3475,1
1121,1
4745,1
2830,1
388,1
2121,0
5697,0
958,1
4059,1
4232,1
7615,1
395,1
7136,1
3884,1
516,1
5841,1
700,1
943,0
748,1
4731,1
5141,1
1229,1
7033,1
70,1
1154,1
318,0
1304,1
3963,0
433,0
5253,1
991,1
1697,1
6458,1
3269,1
1955,0
2100,0
2328,1
4025,1
2276,1
532,1
3737,1
5423,1
730,0
1397,1
120,1
3453,1
1789,1
4965,1
599,1
6941,1
507,1
7447,1
4366,1
2877,1
4576,1
7057,0
7363,0
5677,1
7604,0
530,1
1328,1
2459,0
4711,1
3150,1
6842,0
1503,1
4664,1
4342,1
2696,1
7324,1
2589,0
903,1
1027,0
7234,1
2628,0
4273,0
4845,1
5550,1
1685,1
5138,1
1348,0
5742,0
3819,1
2769,1
1754,1
3797,1
164,1
6979,1
2763,1
6968,1
653,1
6394,1
6507,1
2784,0
5170,1
6144,0
2182,0
6694,1
2872,1
804,0
2481,1
3238,1
1368,1
1455,1
3421,0
5659,1
2185,1
3036,1
5033,0
7110,0
1972,1
4723,1
6242,1
1177,1
619,1
5067,1
792,0
7575,0
996,1
6546,1
4779,1
7677,1
6820,1
6244,1
1662,1
6788,1
1101,1
1288,0
5871,0
7074,1
3354,1
2592,0
6428,1
1285,1
481,1
454,1
5628,1
6193,0
6864,1
5176,1
286,1
3388,1
918,0
1850,1
17,1
6460,1
3040,1
3739,0
812,1
5295,0
7227,0
6963,1
921,0
6888,0
3654,1
5625,1
6082,1
1639,0
4797,0
1214,1
7408,1
4715,0
3236,1
5260,1
3862,1
1991,1
5882,1
1885,0
1772,1
5948,1
3292,0
2680,1
1688,1
3390,0
3864,1
5567,1
3514,1
7434,1
6474,1
7,1
1060,0
1995,1
4149,1
6177,1
6976,0
6322,1
7563,1
4109,0
457,1
5037,0
7255,0
3646,1
6715,0
5583,0
1396,0
6407,1
5782,1
6962,1
7515,1
580,1
5892,1
2948,1
5915,1
1630,1
6006,0
4067,1
5641,1
6822,1
3547,0
6787,1
33,1
2213,0
933,1
6921,1
3162,0
5676,1
6826,1
3695,1
5779,1
5186,0
828,1
3113,1
444,1
6142,1
2074,1
3559,1
1733,1
4971,1
3473,0
3379,1
287,1
5690,1
6445,1
5527,1
6198,1
754,1
585,1
7143,1
522,1
4746,1
6269,1
6532,1
7452,1
1373,1
6439,1
3535,1
7662,1
7071,1
4536,0
1587,1
3672,0
7398,1
1491,1
5451,1
5521,1
5060,1
1042,1
6424,1
4856,1
1248,1
5195,1
2862,1
3051,1
6629,1
6161,1
4714,1
6194,1
2290,1
1706,1
7306,1
6665,1
5371,0
3565,0
4624,1
5579,1
5907,1
2753,1
7174,1
440,1
2591,0
6279,1
204,1
3492,0
4998,1
4917,1
6793,1
2337,1
5586,1
2815,1
5023,1
4571,1
6807,1
6759,1
4065,1
5634,1
4902,1
151,1
469,0
6131,1
3647,0
6984,1
6411,1
4186,0
7443,1
4079,1
2278,0
1783,1
1496,1
1417,1
7600,1
908,1
7577,1
6062,0
2679,1
6794,1
2573,1
3183,1
5768,1
1004,1
610,1
2466,1
4854,1
3977,0
737,1
2670,1
2949,1
1183,1
1152,1
3692,0
3296,1
76,1
6024,1
2352,0
7477,1
3708,1
7482,0
3312,1
3658,1
1517,1
6453,1
4523,1
3761,1
4166,1
3110,1
1020,0
3469,0
2362,0
4755,1
7377,1
4045,0
7613,1
2896,1
3624,1
617,1
7241,1
5990,0
4260,1
7011,1
5661,1
5982,1
5240,1
7190,1
3119,1
2922,1
6029,1
4080,0
327,1
3437,0
6479,1
4529,1
3944,1
5953,1
5942,1
1016,1
3988,1
6744,1
4314,1
1218,1
1457,0
694,1
7218,1
5238,1
7392,1
6281,1
1627,1
6706,1
544,1
4975,1
1358,1
2241,1
1720,1
5725,1
200,1
6224,1
914,1
6053,1
4931,1
1557,1
6676,1
6814,1
5042,0
1940,1
2841,1
1989,1
4865,1
1157,1
40,1
4413,1
3657,1
5518,0
2403,1
6537,1
6366,1
1752,1
1227,1
3285,1
7448,1
1848,1
3865,1
2725,1
7222,1
5055,1
1262,1
5814,0
6249,0
2092,0
5888,1
1226,1
7609,0
135,0
6415,1
658,1
7160,0
3380,1
2968,0
4396,1
9,0
2844,1
4848,1
5447,0
5219,1
4961,0
5647,0
3311,1
1795,1
7097,1
3266,1
5878,1
680,1
1112,1
7399,0
7407,1
2859,1
3264,1
7087,1
5400,1
6915,1
2440,1
1948,1
2237,0
2389,1
2814,1
2,1
5709,1
4333,1
1501,1
7301,1
7435,1
6368,1
949,1
5515,1
230,1
3086,1
1683,1
6648,1
2312,1
4579,1
28,1
7425,1
5237,1
3046,1
2578,1
6622,1
3455,1
4219,1
6682,0
4908,1
168,1
95,1
2796,1
13,1
5869,1
6099,1
2332,1
6041,1
760,1
1718,1
5016,1
3409,1
1282,1
146,1
221,1
3858,0
1951,1
3232,1
3179,1
7062,0
999,1
6645,1
2598,0
5329,1
6914,0
359,1
5708,0
107,1
5396,0
2404,1
6737,1
2243,0
6785,1
7018,1
3802,0
1063,1
3781,1
4511,1
755,1
2196,1
970,0
2546,0
2684,1
2791,0
6112,1
7051,1
7340,1
4104,1
6886,0
4983,1
4936,1
2761,1
4140,1
6097,0
7442,0
2155,0
7444,0
7354,1
5985,1
5559,1
2231,1
7352,1
6132,0
6196,1
7593,0
5793,1
6777,1
4345,1
1545,1
5123,1
3229,1
3796,1
449,1
443,1
43,1
2386,1
4147,1
2984,1
6615,0
4141,1
5812,1
4706,1
7632,0
6185,1
5822,1
6533,1
7629,1
5847,1
2407,1
1636,1
2939,1
7330,1
7422,1
6704,1
4128,1
4741,1
2442,1
7552,1
6798,1
1888,1
5468,1
5840,0
4632,0
1122,1
5211,1
22,0
3427,0
7279,1
2729,1
2495,0
3623,1
360,1
6250,0
4091,0
5485,1
5965,1
2097,0
5218,1
6762,1
301,0
403,1
6707,0
46,0
3356,0
6270,1
3586,0
3026,1
243,0
7487,1
5440,1
6055,1
3494,1
4608,1
4077,0
6167,1
2734,0
6331,1
7469,1
3696,1
195,1
3738,1
1708,1
2526,0
2789,1
1535,1
7036,0
2627,0
4497,0
6698,1
2740,0
5064,0
657,1
324,0
5189,1
7014,1
4548,1
5548,1
5767,0
7321,0
6709,1
2908,1
6164,0
1975,1
780,1
92,1
4540,1
175,0
784,1
3367,1
34,1
1286,1
4022,1
6219,1
1786,1
6234,1
4688,1
5853,1
3690,1
4853,1
1909,1
7590,1
1861,1
2512,1
539,1
1597,1
7681,1
6459,1
4572,0
3460,0
3866,1
1644,1
1051,0
2277,0
3412,0
149,1
2109,0
2211,0
1594,1
989,0
1741,1
6354,1
1407,1
2339,1
5004,1
590,1
5228,1
6639,1
5005,0
829,1
390,1
5798,1
5416,1
5957,1
4785,1
1512,1
281,0
7516,1
2691,1
4613,0
7497,0
3956,1
2582,1
6398,1
2631,0
4236,1
2003,1
3776,1
1217,1
3076,1
7380,1
7343,1
5269,1
6261,1
7369,0
6358,0
937,1
6227,1
4617,1
7058,1
5620,1
1693,1
5032,0
827,1
3112,1
7360,1
7260,0
4362,0
1953,1
7648,1
2227,1
3155,1
706,1
114,1
4193,1
4064,1
2676,1
5351,1
1869,0
551,1
7338,0
6874,1
4341,0
6066,1
3256,1
3577,1
4030,1
1744,1
7642,1
6783,1
5547,1
5279,1
7461,1
783,1
4663,0
3693,1
2323,1
3306,1
1791,1
1267,1
3938,1
2385,1
3989,1
4824,1
3160,1
3536,1
379,0
677,1
6350,0
1990,1
4524,1
1933,0
6543,1
2127,1
1018,1
3286,1
78,1
6484,1
2764,1
7370,0
3619,1
6837,1
614,1
5630,1
6327,1
2084,1
7420,1
7607,1
3227,0
1867,1
5784,1
3091,1
2063,1
5936,0
1815,1
1847,1
5062,1
4282,0
1542,1
353,1
2283,1
1792,0
4071,1
1074,0
4893,1
4925,1
612,0
7334,1
6918,0
5971,1
1161,1
7001,1
4477,1
1781,1
3730,1
6054,1
3368,0
2429,1
6215,1
1726,0
3038,1
1410,1
5623,1
2470,1
3011,0
5105,1
4475,0
3921,1
4833,0
3294,1
1574,1
4327,1
4766,0
6365,1
7243,1
5030,1
61,1
915,1
5402,0
6710,1
5581,1
6085,0
6075,1
3841,1
4932,1
6009,1
1312,1
5378,0
6393,1
3970,1
789,1
3526,1
4159,0
2064,1
1593,1
6608,1
2052,1
1922,0
3474,1
3031,0
1660,1
7647,1
664,0
1185,1
3673,0
5665,0
1058,1
4753,1
5879,1
4533,1
3419,1
5263,1
2716,1
3626,1
4111,1
6926,1
2434,1
3699,1
214,1
767,1
1974,1
424,1
4093,0
5703,1
6088,1
2270,0
7296,0
769,1
6184,1
7526,0
6176,1
3719,1
316,0
2590,0
2476,1
2284,1
4842,1
4072,1
2217,0
2016,1
2901,0
162,1
5463,0
4982,0
7550,0
6058,1
6663,1
5217,1
350,1
215,0
7431,1
2089,0
5861,1
7111,1
2586,0
267,1
2804,1
6961,1
2736,0
4201,1
1805,1
1156,0
3466,1
7101,1
5085,1
4671,1
2456,0
7505,1
5994,1
1162,0
4338,1
1406,0
2004,1
1470,1
3651,1
5397,1
4075,1
5393,0
7134,0
7213,1
2046,1
1070,1
3448,0
4178,1
7027,0
7426,1
223,1
2890,1
2156,0
1186,1
5495,1
1131,1
1203,0
4254,1
5201,1
5213,0
4016,0
2638,1
863,1
1311,1
2263,1
5825,1
1287,1
172,1
6341,1
102,1
7054,1
2077,0
2712,1
2423,1
2405,1
4221,1
30,1
5935,1
913,1
6466,1
3755,1
1804,1
2671,1
1626,0
3377,0
764,1
2180,0
5249,0
3067,1
2506,1
5845,1
534,1
6083,1
1835,1
6046,1
90,1
7299,1
1223,1
5178,1
2415,0
5206,1
1428,1
3927,1
1832,0
7170,1
1578,0
4939,0
1811,1
990,1
2690,1
6049,1
4312,1
2381,1
1010,1
1260,1
1,1
6090,1
99,1
4928,1
4078,1
724,1
3121,1
5210,1
156,1
1612,1
7457,1
7268,1
2860,1
899,1
1440,1
750,1
4593,0
1378,1
463,0
4054,1
3725,0
1770,1
4261,1
7120,1
757,1
3350,1
6577,0
1360,1
2930,1
3968,1
6696,1
4276,1
3307,0
5902,0
6290,1
6360,1
5707,1
2722,0
5409,1
2147,0
6579,1
5758,1
5684,1
5532,1
6881,1
1883,1
2551,0
4698,1
6898,1
4266,1
7355,0
2268,1
1633,1
3366,1
4752,1
1159,1
5412,0
2315,0
7470,1
5876,1
6463,1
39,1
5091,0
5763,1
2617,0
1338,1
557,1
1476,0
6214,1
3425,1
7551,1
3520,1
7361,1
5365,0
3122,1
5342,1
7026,1
2353,1
2970,1
392,1
1670,1
2931,1
6192,0
4325,1
5909,1
468,1
3840,1
1345,1
23,0
7476,1
7242,1
896,0
535,0
1875,1
5511,1
4564,1
7256,1
2371,0
6944,1
5439,1
4198,1
5095,1
421,1
3814,1
3787,1
5158,1
2133,0
1054,1
7088,1
2557,1
1191,0
5497,1
6992,1
3065,0
7605,1
5704,1
3348,0
111,1
227,0
7017,0
7251,0
3701,1
3636,1
1590,1
2502,1
5557,0
7606,1
1110,1
369,1
5783,1
4773,0
2193,0
6326,1
6153,0
3710,1
7621,1
2142,0
3582,1
5596,0
5457,1
5764,1
6528,1
2646,0
117,1
1140,1
2530,0
3129,0
6419,1
3902,1
1580,1
800,1
1448,1
6613,1
2019,1
255,0
1402,1
1913,1
2012,1
2287,1
5302,1
6816,1
1047,1
3328,0
1671,1
623,1
4050,1
6768,1
955,0
5126,1
5535,1
298,0
6345,1
3885,1
2350,1
2452,1
3790,1
5159,1
815,1
7641,1
6654,1
5418,1
3530,0
231,1
1617,1
7067,1
6042,1
1036,1
1180,1
4488,1
3039,0
307,1
3257,1
944,0
2281,1
5873,1
3863,1
5212,1
6631,0
2167,0
4309,1
2805,1
7359,1
4890,1
1141,1
7368,0
2531,1
2702,1
1297,1
2216,0
3074,1
1758,1
346,1
2776,1
3980,1
5794,1
4300,1
6830,1
5098,0
5022,0
7574,1
4428,1
3407,1
5009,1
4185,1
4441,1
3333,0
6935,1
2154,0
1023,1
5755,1
5027,1
758,1
2118,0
3640,1
561,1
3507,1
3291,1
7474,1
1938,1
553,1
1432,0
3578,1
3721,1
3373,1
4581,1
6287,1
69,1
3760,1
4814,1
5364,1
7149,1
6223,1
3534,1
2653,0
7039,0
1592,0
1206,1
6756,1
180,1
6470,1
3706,1
305,0
1564,1
225,1
4351,1
6513,1
5969,1
587,1
3732,1
2851,1
4724,1
1383,1
1681,1
1309,1
3910,1
2159,0
5341,1
5008,1
3881,0
6801,0
6191,1
3631,1
2824,1
6627,1
5925,1
3059,1
2633,1
3429,0
1889,1
6406,0
21,1
6247,1
3234,1
7263,1
2200,0
930,0
2166,0
2187,0
406,1
7117,1
3226,0
5983,1
4847,1
7052,1
5787,1
7478,1
1903,1
4061,1
1568,0
1619,1
4123,1
6725,1
2528,1
1050,1
465,1
5319,1
3916,0
1487,0
6408,1
4265,1
3358,0
1477,1
4644,1
3263,1
1093,1
631,0
2279,1
5417,0
1918,1
1704,1
2518,1
1270,0
3522,1
4921,0
620,1
432,1
4655,1
6673,1
4346,0
4353,0
3961,1
5124,1
377,1
5786,1
3485,0
3788,1
3021,0
5174,0
7623,1
470,1
4804,1
3915,1
2534,1
4951,1
6468,1
4675,0
1128,1
280,1
5121,1
4268,0
3749,1
4146,1
3972,1
1165,1
4442,0
5872,1
5301,1
7542,1
2068,0
5075,1
1249,1
1856,1
1623,1
2223,1
3683,0
924,0
4565,1
3191,1
6036,1
1831,0
3769,1
4621,0
5610,0
4582,0
4095,0
5316,0
3826,1
651,1
4532,1
5435,1
2634,0
6860,1
4226,1
3758,1
565,1
3440,1
4132,1
6644,1
1272,0
1882,1
5886,1
5997,0
2695,1
6604,0
5099,1
7024,1
2014,1
1987,1
6425,1
7030,0
4048,1
733,0
5264,1
1231,1
5717,1
6291,1
7406,1
4610,1
2998,1
2044,1
4229,1
329,0
7274,1
702,1
358,1
595,0
3694,0
7554,1
6763,1
6091,0
871,1
4597,0
4361,1
2963,1
2797,1
5348,1
3334,0
4455,0
1277,1
3041,1
4297,1
4429,0
5903,1
3027,1
1256,0
6465,1
3118,1
2380,1
6147,1
4816,0
3509,1
874,0
1168,1
6258,1
26,1
707,1
2707,1
1259,1
4783,0
840,1
6843,1
1859,1
1775,1
5367,1
1787,1
2134,0
3274,1
5350,1
334,1
957,1
5043,1
5438,1
6121,1
5813,0
3766,1
4860,1
6796,1
5608,0
2176,0
905,0
4026,1
3430,1
1661,1
1529,1
4513,1
5191,1
1370,1
607,0
5320,0
3418,0
2376,1
4479,1
1652,1
3662,0
2297,1
1929,1
4332,1
3611,1
5588,1
6077,1
7576,1
7114,0
1329,1
3720,1
7654,1
5720,0
270,1
4138,1
4012,1
541,0
646,0
2624,1
252,1
2464,0
1806,1
6328,1
2080,0
781,0
3152,1
1682,1
1691,1
2402,1
5635,1
529,1
4291,0
3235,1
2853,1
6220,1
7379,0
3901,1
485,0
962,1
2767,0
3158,1
5154,1
5904,0
5650,1
5489,1
968,1
260,1
5353,1
3664,0
5674,1
4382,1
7620,1
6081,0
5835,1
6298,1
6032,0
3995,0
2650,1
1907,0
992,1
3153,1
4296,0
4551,0
1611,1
2141,0
3997,0
3170,0
2946,1
1327,1
7625,1
3459,0
6900,1
4964,0
6235,1
5430,1
6829,0
2786,0
4794,1
7622,1
5493,1
592,1
2625,0
4435,1
2130,0
2178,0
4,1
6519,1
3715,1
4223,0
7012,1
4418,1
3976,0
6021,1
4394,1
4889,1
960,0
5106,1
3609,1
569,1
6839,0
3174,1
2110,1
3920,0
6887,1
6421,1
2171,0
2966,1
2460,0
3340,0
6597,1
6609,1
7283,1
4906,1
3401,1
3668,0
722,1
1117,1
1550,1
3987,1
1416,1
1194,1
5221,1
2567,0
2980,1
2926,1
2409,1
7131,1
1479,1
2532,1
2802,1
5226,1
7397,0
2556,1
437,1
5855,1
491,1
4754,1
2023,1
153,1
7582,1
2375,1
7584,1
5450,0
6624,1
1391,1
4271,1
5611,0
892,1
3142,1
4287,1
839,1
3454,0
5927,1
1773,1
3610,1
5937,1
6562,1
1441,1
1146,1
3828,1
6625,1
7617,1
6357,1
3810,1
2172,0
4672,0
7035,0
2280,0
6588,1
4294,0
5722,1
3882,1
1492,1
1528,1
82,1
4538,0
5540,1
2416,0
3127,1
1103,1
4820,0
7323,1
636,1
3614,1
3678,0
5609,1
4501,1
6180,1
445,0
7414,1
7208,1
7449,1
5415,0
3347,1
3569,1
3716,0
4468,0
6621,1
732,1
5740,0
4285,1
5837,0
4784,1
6372,0
361,0
5582,1
5001,1
7666,1
1211,1
4438,1
2158,0
399,0
713,1
7230,0
141,1
5391,1
7168,1
4384,1
3386,1
3493,1
1298,1
682,0
7390,1
2937,1
2144,0
3868,1
5345,1
4321,1
6268,1
2914,1
5839,1
5155,1
6300,1
3656,1
3148,1
62,1
